Catalog#,Artist,Title,Label,Format,Rating,Released,release_id,CollectionFolder,Date Added,Collection Media Condition,Collection Sleeve Condition,Collection Notes
"CAD 803, ROUGH US 38",Pixies,Surfer Rosa,"4AD, Rough Trade","LP, Album",1,1988,600129,Uncategorized,2018-10-24 02:56:57,,,
SP-3708,Supertramp,Breakfast In America,A&M Records,"LP, Album, Ter",,1979,617486,Uncategorized,2020-03-17 04:46:06,,,
SP-4512,Peter Frampton,Frampton,A&M Records,"LP, Album, San",,1975,7426559,Uncategorized,2020-03-17 04:20:38,,,
2022-1107,Steely Dan,Steely Dan/Greatest Hits,ABC Records,"2xLP, Comp, Gat",,1978,373917,Uncategorized,2020-03-17 04:37:59,,,
AA-1046,Jimmy Buffett,Son Of A Son Of A Sailor,ABC Records,"LP, Album, Yel",,1978,6609156,Uncategorized,2020-03-21 23:59:20,,,
ABCD-835,Jim Croce,Photographs & Memories (His Greatest Hits),ABC Records,"LP, Comp, San",,1974,518397,Uncategorized,2020-03-17 04:23:28,,,
"AA-1006, AB-1006",Steely Dan,Aja,"ABC Records, ABC Records","LP, Album, Club, RCA",,1977,4369391,Uncategorized,2019-07-22 16:04:36,,,
AD 2001,Charlie Cline (2),Country Dobro,Adelphi Records,"LP, Album",,1974,4830187,Bluegrass,2018-10-21 21:38:12,,,
B0017330-01,The Avett Brothers,The Carpenter,American Recordings,"2xLP, Album",,2012,3908723,Uncategorized,2018-10-23 03:25:00,,,
"88697 35099 1, B0018223-01",The Avett Brothers,I And Love And You,"American Recordings, American Recordings","2xLP, Album",,2009,1963341,Uncategorized,2018-10-24 02:52:51,,,
440 063 336-1,Johnny Cash,American IV: The Man Comes Around,"American Recordings, Lost Highway","2xLP, Album",,2002,518507,Uncategorized,2018-10-24 02:17:10,,,
AV-025,The Infamous Stringdusters,A Tribute To Bill Monroe,"Americana Vibes, Regime Seventy-Two","LP, Album",,2021,19438987,Uncategorized,2022-11-05 20:24:43,,,
86906,Michael Franti And Spearhead,All Rebel Rockers,Anti-,"2xLP, Album",,2008,1878632,Uncategorized,2018-10-23 04:30:56,,,
87054-1,Dr. Dog,"Shame, Shame",Anti-,"LP, Album, Ltd, Ora",,2010,2248270,Uncategorized,2018-10-21 20:43:17,,,
ARC-0001,Billy Strings,Turmoil & Tinfoil,Apostol Recording Co.,"LP, Album",,2017,10956636,Bluegrass,2019-11-26 03:19:22,,,
5E-508,Eagles,The Long Run,Asylum Records,"LP, Album",,1979,7410967,Uncategorized,2019-07-11 22:14:41,,,
DP-90002,Various,Urban Cowboy (Original Motion Picture Soundtrack),"Asylum Records, Full Moon","2xLP, Album, Comp, CTH",,1980,2009521,Uncategorized,2019-07-19 15:54:57,,,
534836-1,Hunter Hayes (2),Hunter Hayes (Encore),Atlantic,2xLP,,2014,5804814,Uncategorized,2018-10-24 02:13:28,,,
563374-1,Devin Dawson,Dark Horse,Atlantic,"LP, Album",,2018,11471672,Modern Country,2018-10-21 20:33:21,,,
"RCV1 643610, 081227905750",John Prine,John Prine,"Atlantic, Atlantic","LP, Album, Club, RE, RM, Ora",,2021,16901535,Uncategorized,2021-01-17 14:10:50,,,
"8139, RCV1 607271, 081227909550",Aretha Franklin,I Never Loved A Man The Way I Love You,"Atlantic, Atlantic, Atlantic","LP, Album, Mono, Club, RE, RM, Pur",,2019,14509303,Uncategorized,2019-12-15 23:33:43,,,
521477-1,Jay Farrar & Ben Gibbard,One Fast Move Or I'm Gone: Music From Kerouac's Big Sur,"Atlantic, F-Stop Music","LP, Album + DVD-V, NTSC, All",,2009,2023905,Uncategorized,2018-10-23 04:11:28,,,
none,Kaleo (3),No Good,"Atlantic, Warner Bros. Records","7"", S/Sided, Club, Etch",,2016,8109366,Uncategorized,2020-03-17 05:32:23,,,
"ATO0117, 88088217561",Umphrey's McGee,Death By Stereo,"ATO Records, ATO Records","2xLP, Album, Gat + CD, Album",2,2011,3401560,Uncategorized,2018-10-21 22:21:38,,,
"ATO0142, 88088217871",Alabama Shakes,Boys & Girls,"ATO Records, ATO Records","LP, Album + 7""",,2012,3529250,Uncategorized,2018-10-21 21:54:48,,,
"ATO0177, 88088218351, none",Jim James,Regions Of Light And Sound Of God,"ATO Records, ATO Records, Removador Recordings And Solutions","LP, Album",1,2013,4263087,Uncategorized,2018-10-24 02:57:54,,,
19439713611,John Mayer,Continuum,"Aware Records, Columbia, Sony Music Commercial Music Group","2xLP, Album, Club, RE, Tur",,2020,15601786,Uncategorized,2020-11-16 03:29:09,,,
R1-562969,Notorious B.I.G.,Ready To Die,Bad Boy Entertainment,"LP, Red + LP, Whi + Album, Club, RE, RM",,2017,10844795,Uncategorized,2018-10-21 20:06:20,,,
R1-562969,Notorious B.I.G.,Ready To Die,Bad Boy Entertainment,"LP, Red + LP, Whi + Album, Club, RE, RM, RP",,2019,14624126,Uncategorized,2021-01-05 08:56:49,,,
FW 38066,Frank Zappa,Ship Arriving Too Late To Save A Drowning Witch,Barking Pumpkin Records,"LP, Album, Ter",,1982,431746,Uncategorized,2020-03-17 02:04:38,,,
FW 38403,Frank Zappa,The Man From Utopia,Barking Pumpkin Records,"LP, Album, Pit",,1983,434331,Uncategorized,2020-03-17 02:05:20,,,
PW2 37336,Frank Zappa,Tinsel Town Rebellion,Barking Pumpkin Records,"2xLP, Album, Ter",,1981,1105530,Uncategorized,2020-03-17 02:41:26,,,
PW2 37537,Frank Zappa,You Are What You Is,Barking Pumpkin Records,"2xLP, Album, Ter",,1981,1138978,Uncategorized,2020-03-17 02:32:51,,,
ST 74205,Frank Zappa,Jazz From Hell,Barking Pumpkin Records,"LP, Album, All",,1986,233102,Uncategorized,2020-03-17 02:40:38,,,
SVBO 74200,Frank Zappa,Them Or Us,Barking Pumpkin Records,"2xLP, Album, Jac",,1984,8365931,Uncategorized,2020-03-17 02:34:28,,,
"ST-74203, ST 74203",Frank Zappa,Frank Zappa Meets The Mothers Of Prevention,"Barking Pumpkin Records, Barking Pumpkin Records","LP, Album, Cap",,1985,500464,Uncategorized,2020-03-17 02:20:37,,,
"BPR1223, BPR 1223",Frank Zappa & The Mothers,"Help, I'm A Rock / It Can't Happen Here / Who Are The Brain Police?","Barking Pumpkin Records, Zappa Records","12"", Single, Mono, Ltd, Num, Red",,2013,9340394,Uncategorized,2020-03-17 02:29:39,,,
ZR 3894-1,Frank Zappa,Finer Moments,"Barking Pumpkin Records, Zappa Records, UMe","2xLP, Album",,2012,7659729,Uncategorized,2020-03-17 02:09:53,,,
BBQLP 252,The National,Boxer,Beggars Banquet,"LP, Album, Club, RE, S/Edition, Gra + 7"", Cle",1,2017,10689734,Uncategorized,2018-10-21 21:19:54,,,
none,Greensky Bluegrass,If Sorrows Swim,Big Blue Zoo Records,"2xLP, Album",,2014,6149500,Bluegrass,2018-10-21 19:44:18,,,
MS 2028,The Mothers,Weasels Ripped My Flesh,Bizarre Records,"LP, Album, San",,1970,546950,Uncategorized,2020-03-17 02:06:02,,,
MS 2075,The Mothers,Just Another Band From L.A.,Bizarre Records,"LP, Album, Gat",,1972,544297,Uncategorized,2020-03-17 02:33:44,,,
"2MS 2024, 2024",The Mothers,Uncle Meat,"Bizarre Records, Bizarre Records, Reprise Records","2xLP, Album, CTH",,1969,544300,Uncategorized,2020-03-17 02:30:43,,,
MS 2030,Frank Zappa,Chunga's Revenge,"Bizarre Records, Reprise Records","LP, Album, Ter",,1970,543922,Uncategorized,2020-03-17 02:03:09,,,
"MS 2042, MS-2042",The Mothers,Fillmore East - June 1971,"Bizarre Records, Reprise Records","LP, Album, San",,1971,1770866,Uncategorized,2020-03-17 02:31:29,,,
MS 2093,The Mothers,The Grand Wazoo,"Bizarre Records, Reprise Records","LP, Album, Pit",,1972,1311540,Uncategorized,2020-03-17 02:40:10,,,
MS 2094,Frank Zappa,Waka / Jawaka - Hot Rats,"Bizarre Records, Reprise Records","LP, Album, San",,1972,1378139,Uncategorized,2020-03-17 02:12:13,,,
PRO 368,Various,Zapped,"Bizarre Records, Reprise Records","LP, Comp, Smplr",,1970,1827704,Uncategorized,2020-03-17 02:38:45,,,
RS 6356,Frank Zappa,Hot Rats,"Bizarre Records, Reprise Records","LP, Album, Gat",,1969,584013,Uncategorized,2020-03-17 02:00:30,,,
RS 6370,The Mothers,Burnt Weeny Sandwich,"Bizarre Records, Reprise Records","LP, Album, Ter",,1970,431444,Uncategorized,2020-03-17 02:27:18,,,
BRE201802LP,Kelsea Ballerini,Unapologetically,Black River Entertainment,"LP, Ltd",,2018,12855746,Uncategorized,2019-07-25 00:45:40,,,
"BTE 32088 7243 5 32088 1 3, BTE 32088",Norah Jones,Come Away With Me,"Blue Note, Blue Note","LP, Album, RE",,2012,5432533,Uncategorized,2018-10-23 03:29:24,,,
40-5510,Stan Getz,Stan Getz,Book-Of-The-Month Records,"3xLP, Comp + Box",,1980,4214183,Uncategorized,2020-03-17 04:16:55,,,
00602557280869,Glen Campbell,Gentle On My Mind,Capitol Records,"LP, Album, RE, 180",,2017,10229161,Uncategorized,2018-10-21 20:47:46,,,
509996 42727 1 9,The Decemberists,The King Is Dead,Capitol Records,"LP, Album, 180",,2011,2672368,Uncategorized,2018-10-21 19:45:04,,,
SM-1870,Roy Acuff And His Smoky Mountain Boys,The Best Of Roy Acuff: Songs Of The Smoky Mountains,Capitol Records,"LP, Comp, RE",,0,949490,Uncategorized,2022-11-05 19:48:22,,,
"SMAS 11235, SMAS-11235",Steve Miller Band,The Joker,"Capitol Records, Capitol Records","LP, Album, L.A",,1973,7666906,Uncategorized,2020-03-22 00:01:46,,,
"ST.11954, ST-11954",Little River Band,First Under The Wire,"Capitol Records, Capitol Records, EMI, EMI","LP, Album",,1979,2827579,Uncategorized,2020-03-17 04:30:14,,,
"DT 8 0357, 8-0357, DT-8-0357",Nat King Cole,Unforgettable,"Capitol Records, Starline, Capitol Records, Starline, Capitol Records, Starline","LP, Album, Club, RE, Pin",,1969,5535760,Uncategorized,2018-10-24 03:15:33,,,
CBS 25736,Willie Nelson,Without A Song,CBS,"LP, Album",,1983,14723866,Uncategorized,2020-03-17 05:06:37,,,
CBS 81225,Mott The Hoople,Greatest Hits,CBS,"LP, Comp",,1976,2397355,Uncategorized,2020-03-22 00:02:18,,,
GEN LP1,Genesis,Genesis,"Charisma, Virgin","LP, Album",,1983,667372,Uncategorized,2020-03-17 04:38:17,,,
JLLP 1,Julian Lennon,Valotte,"Charisma, Virgin","LP, Album",,1984,1300846,Uncategorized,2020-03-17 04:27:28,,,
FV 41412,Huey Lewis & The News,Sports,Chrysalis,"LP, Album, Car",,1983,497769,Uncategorized,2020-03-17 04:26:23,,,
OV 41534,Huey Lewis & The News,Fore!,Chrysalis,"LP, Album, Car",,1986,911271,Uncategorized,2020-03-17 04:42:23,,,
CSDLP 1115,Ryan Adams,Heartbreaker,"Cobraside Distribution Inc., Bloodshot Records","2xLP, Album, TP",,2008,9451556,Uncategorized,2018-10-23 03:57:20,,,
COIN0041,Andrew Combs,All These Dreams,Coin Records,"LP, Album",,2015,6856968,Uncategorized,2018-10-24 01:56:29,,,
19075830351,Leon Bridges,Good Thing,Columbia,"LP, Album, 180",,2018,11949055,Uncategorized,2018-10-23 03:31:51,,,
35513,Stan Getz,Another World,Columbia,"2xLP, Album",,1978,645499,Uncategorized,2018-10-24 03:17:14,,,
88985493661,First Aid Kit,Ruins,Columbia,"LP, Album, Ltd, Red",,2018,11439195,Uncategorized,2018-10-21 21:10:39,,,
CS 9741,Flatt & Scruggs,Nashville Airplane,Columbia,"LP, Album, Pit",,1968,2857383,Bluegrass,2018-10-21 22:32:20,,,
FC 37728,Toto,Toto IV,Columbia,"LP, Album, Pit",,1982,11093530,Uncategorized,2020-03-17 04:22:00,,,
FC 37951,Willie Nelson,Always On My Mind,Columbia,"LP, Album, Ter",,1982,1202919,Uncategorized,2019-07-22 17:44:22,,,
GP 30,Flatt & Scruggs,Flatt & Scruggs - 20 All-Time Great Recordings In A Deluxe 2-Record Set,Columbia,"2xLP, Comp",,1970,3054148,Bluegrass,2018-10-21 22:34:34,,,
PC 33900,Chicago (2),Chicago IX Chicago's Greatest Hits,Columbia,"LP, Comp, Pit",,1975,709484,Uncategorized,2020-03-17 04:25:06,,,
PC 34388,Loggins And Messina,The Best Of Friends,Columbia,"LP, Comp, Ter",,1976,1575545,Uncategorized,2020-03-17 04:40:29,,,
PC 35627,David Allan Coe,Greatest Hits,Columbia,"LP, Comp, RE, Car",,0,2033828,Uncategorized,2019-07-19 15:48:47,,,
88875-16885-1RE,Maren Morris,Hero,Columbia Nashville,"LP, Album",,2016,8608023,Uncategorized,2019-07-11 22:23:00,,,
"19075.90186-1-S1, 1907-90186-1",Maren Morris,Girl,"Columbia Nashville, Columbia Nashville","LP, Album, Lem",,2019,13427289,Uncategorized,2019-07-11 22:22:11,,,
88691926701,The Shins,Port Of Morrow,"Columbia, Aural Apothecary Records","LP, Album",,2012,3485990,Uncategorized,2018-10-21 21:53:18,,,
"C 732162, CL 88697 32162 1",Pete Yorn,Back & Fourth,"Columbia, Columbia","2xLP, Album",,2009,1880562,Uncategorized,2018-10-23 04:21:07,,,
"JC 34811, 34811",James Taylor (2),JT,"Columbia, Columbia","LP, Album, Gat",,1977,701095,Uncategorized,2020-03-17 04:19:56,,,
"JC 35305, 35305",Willie Nelson,Stardust,"Columbia, Columbia","LP, Album, San",,1978,626367,Uncategorized,2022-12-01 20:19:27,,,
"88843 06661 1, 88843 06661 2",First Aid Kit,Stay Gold,"Columbia, Columbia, Jagadamba, Jagadamba","LP, Album + CD, Album",,2014,6001429,Uncategorized,2018-10-21 21:08:02,,,
QC 38837,Billy Joel,An Innocent Man,"Columbia, Family Productions","LP, Album, Car",,1983,822425,Uncategorized,2019-07-18 14:56:17,,,
KC 34092,Willie Nelson,The Sound In Your Mind,"Columbia, Lone Star","LP, Album, Ter",,1976,1195607,Uncategorized,2020-03-17 05:07:16,,,
"CS 9532, 88985485511",Miles Davis,Sorcerer,"Columbia, Sony Music Commercial Music Group","LP, Album, Club, RE, RM, Pur",,2017,11256032,Uncategorized,2018-10-21 20:36:32,,,
"CSDLP 1138, CSDLP1138",Edward Sharpe And The Magnetic Zeros,Up From Below,"Community Records, Fairfax Recordings, Cobraside Distribution Inc., Community Records, Fairfax Recordings, Cobraside Distribution Inc.","2xLP, Album, 180",,2009,2078244,Uncategorized,2018-10-23 04:22:21,,,
7 4666 1,The Infamous Stringdusters,Ladies & Gentlemen,Compass Records,"LP, Album",,2016,8549423,Bluegrass,2018-10-21 19:38:57,,,
7 4728 1,Molly Tuttle (2),When You're Ready,Compass Records,"LP, Album, Red",,2019,13440531,Uncategorized,2020-03-20 22:24:16,,,
7 4764 1,Molly Tuttle (2),...but I'd Rather Be With You,Compass Records,"LP, Album",,2020,15838003,Uncategorized,2020-11-16 02:08:32,,,
7 4789 1,Alison Brown,On Banjo,Compass Records,"LP, Album, Ltd, Gol",5,2023,27556398,Uncategorized,2024-02-03 10:14:42,,,
LP 5067,Mac Wiseman,The Rare Singles And Radio Transcriptions,Cowgirlboy Records,"LP, Comp, Mono",,0,10503995,Uncategorized,2022-11-05 19:47:18,,,
B0029729-01,Billie Eilish,"When We All Fall Asleep, Where Do We Go?","Darkroom (4), Interscope Records","LP, Album, Pal",,2019,13421102,Uncategorized,2019-07-11 22:18:43,,,
DOC131,Kevin Morby,City Music,Dead Oceans,"LP, Album, Club, Whi",,2017,10422791,Uncategorized,2018-10-21 20:54:32,,,
"DOC150LP-C2, DOC150",Mitski,Be The Cowboy,"Dead Oceans, Dead Oceans","LP, Album, Club, Red",,2018,12339557,Uncategorized,2018-10-21 20:37:10,,,
RNEP 604,Frank Zappa,Rare Meat,Del-Fi Records,"12"", MiniAlbum, Comp, Mono, RE",,1983,3483734,Uncategorized,2020-03-17 02:55:00,,,
B0025491-01,Beck,Odelay,DGC,"LP, Album, Club, RE, Bro",,2016,9168171,Uncategorized,2019-07-23 16:15:42,,,
2DS 2202,Frank Zappa / The Mothers,Roxy & Elsewhere,Discreet,"2xLP, Album, Ter",,1974,7070618,Uncategorized,2020-03-17 02:25:04,,,
DS 2175,Frank Zappa,Apostrophe ('),Discreet,"LP, Album, San",,1974,4951944,Uncategorized,2020-03-17 02:24:23,,,
DS 2216,Frank Zappa And The Mothers,One Size Fits All,Discreet,"LP, Album, Gat",,1975,1259018,Uncategorized,2020-03-17 02:26:46,,,
DS 2234,Frank Zappa / Captain Beefheart / The Mothers,Bongo Fury,Discreet,"LP, Album, Win",,1975,4795903,Uncategorized,2020-03-17 02:23:57,,,
DSK 2292,Frank Zappa,Sleep Dirt,Discreet,"LP, Album, Win",,1979,941960,Uncategorized,2020-03-17 02:27:47,,,
MS 2149,The Mothers,Over-Nite Sensation,Discreet,"LP, Album, Gat",,1973,1700684,Uncategorized,2020-03-17 02:18:19,,,
"K 69204, 2D 2290",Frank Zappa,Zappa In New York,"Discreet, Discreet","2xLP, Album, Unc",,1977,3733966,Uncategorized,2020-03-17 02:21:50,,,
WIG-294,Villagers (3),{Awayland},Domino,LP,5,2013,4604005,Uncategorized,2018-10-24 03:10:43,,,
WIGLP162VMP,Arctic Monkeys,"Whatever People Say I Am, That's What I'm Not",Domino,"LP, Album, Club, RE, Gra",,2018,11826116,Uncategorized,2018-10-21 20:04:50,,,
WIGLP229X-VMP,Dirty Projectors,Bitte Orca,Domino,"LP, Album, Blu + LP, Comp, Red + Club, RE",,2020,14622939,Uncategorized,2020-02-19 00:56:30,,,
WIGLP253,Villagers (3),Becoming A Jackal,Domino,"LP + LP, S/Sided, Etch + Album",5,2010,2399950,Uncategorized,2018-10-24 03:13:06,,,
WIGLP330,Villagers (3),Darling Arithmetic,Domino,"LP, Album, 180",,2015,6915329,Uncategorized,2018-10-24 03:12:06,,,
DJ-1001,Jim & Jesse,Presents Jesse's Guitar Pickin' Showcase,Double J Productions,"LP, Album",,1983,6053944,Bluegrass,2019-09-30 20:58:13,,,
80302-015291-5,Drew Holcomb And The Neighbors,Chasing Someday,Dualtone,"LP, Album",,2011,3801827,Uncategorized,2018-10-24 02:54:55,,,
803020161917,Shovels And Rope,O' Be Joyful,"Dualtone, Shrimp Records","LP, Cre + CD + Album",5,2012,3800080,Uncategorized,2018-10-21 19:40:41,,,
ES018-1,Fruit Bats,Absolute Loser,Easy Sound,"LP, Album",,2016,8499313,Uncategorized,2018-10-24 03:09:23,,,
599931-1,Sturgill Simpson,Sound & Fury,Elektra,"LP, Album, 180",,2019,14196670,Uncategorized,2021-01-08 17:23:08,,,
6E-276,Eddie Rabbitt,Horizon,Elektra,"LP, Album, SP ",,1980,1277331,Uncategorized,2020-03-17 04:56:42,,,
9E-303,Roy Acuff,Greatest Hits / Volume Two,Elektra,"2xLP, Comp",,1979,5567274,Uncategorized,2022-11-05 19:54:37,,,
EKL-315,The Paul Butterfield Blues Band,East-West,Elektra,"LP, Album, Mono",,1966,3219084,Uncategorized,2020-03-17 04:14:27,,,
R1 61913,Nada Surf,High/Low,Elektra,"LP, Album, Club, RE, RM, Ora",,2016,7861228,Uncategorized,2018-10-23 04:28:03,,,
"RCV1 607300, 081227909437",The Stooges,The Stooges (John Cale Mix),"Elektra, Elektra","LP, Album, Club, RE, RM, Red",,2020,15081560,Uncategorized,2020-04-10 00:05:18,,,
075678651731,The Highwomen,The Highwomen,"Elektra, Low Country Sound","LP + LP, S/Sided + Album, Gat",,2019,14284019,Uncategorized,2019-11-26 03:22:31,,,
B0022364-01,Brothers Osborne,Pawn Shop,EMI Records Nashville,"LP, Album",,2016,7981147,Modern Country,2018-10-24 02:14:46,,,
B0032776-01,Brothers Osborne,Skeletons,EMI Records Nashville,"LP, Album, S/Edition, Ora",,2020,16146811,Modern Country,2020-11-16 03:34:57,,,
enja 4038,John Scofield Trio,Out Like A Light,Enja Records,"LP, Album",,1983,1467497,Uncategorized,2020-03-21 23:58:52,,,
88697210801,Margot & The Nuclear So And So's,Not Animal,Epic,2xLP,,2008,3972650,Uncategorized,2018-10-23 04:29:43,,,
FE 37193,Ricky Skaggs,Waitin' For The Sun To Shine,Epic,"LP, Album, Promo",,1981,3742699,Uncategorized,2019-09-30 22:10:31,,,
FE 39410,Ricky Skaggs,Country Boy,Epic,"LP, Album, Car",,1984,2306634,Uncategorized,2022-12-01 20:12:25,,,
KE 33290,Michael Martin Murphey,Blue Sky · Night Thunder,Epic,"LP, Album, Ter",,1975,10296913,Bluegrass,2020-03-17 04:52:42,,,
QE 38112,Michael Jackson,Thriller,Epic,"LP, Album, Pit",,1982,2911293,Uncategorized,2020-03-21 23:57:50,,,
88985420001,Fiona Apple,Tidal,"Epic, Clean Slate, Sony Music Commercial Music Group","2xLP, Album, Club, RE, RM, 180",1,2017,10241165,Uncategorized,2019-07-24 16:42:46,,,
88765404091,Incubus (2),Make Yourself,"Epic, Immortal Records (3), Legacy","2xLP, Album, RE, 180",,2013,10008877,Uncategorized,2018-10-21 22:38:33,,,
88765404101,Incubus (2),Morning View,"Epic, Immortal Records (3), Legacy","2xLP, Album, RE, 180",,2013,4228036,Uncategorized,2018-10-23 03:40:51,,,
88765405201,Incubus (2),S.C.I.E.N.C.E.,"Epic, Immortal Records (3), Legacy","2xLP, Album, RE, 180",,2013,4228020,Uncategorized,2018-10-23 03:42:29,,,
ERATP055LP-US,Nils Frahm,Spaces,Erased Tapes America,"2xLP, Album",,2014,5746150,Uncategorized,2018-10-24 02:02:19,,,
VMP-E074,Van Morrison,Veedon Fleece,"Exile, Legacy","LP, Album, Club, RE, RM, Gre",,2019,13145206,Uncategorized,2019-07-17 16:28:17,,,
0888072033498,Lukas Nelson,Lukas Nelson & Promise Of The Real,Fantasy,"2xLP, Album",,2017,10859116,Uncategorized,2018-10-21 20:44:28,,,
FAN00464,Lukas Nelson & Promise Of The Real,Turn Off The News (Build A Garden),Fantasy,"LP, Album, Gre + 7""",,2019,13768248,Uncategorized,2019-09-30 21:10:57,,,
FP1087-3,Townes Van Zandt,For The Sake Of The Song,Fat Possum Records,"LP, Album, Club, RE, RM, 180",,2018,12617233,Uncategorized,2018-10-24 01:54:56,,,
FP1753-3,Spiritualized,Ladies And Gentlemen We Are Floating In Space,Fat Possum Records,"2xLP, Album, Club, RE, RM, Blu",,2020,15886061,Uncategorized,2020-11-16 03:23:41,,,
FF 224,Various,Tellulive - 1979 Telluride Bluegrass & Country Music Festival,Flying Fish (2),"LP, Comp",,1979,1282831,Bluegrass,2022-11-19 10:02:52,,,
"029, FF029",Mike Auldridge,Mike Auldridge,"Flying Fish (2), Flying Fish (2)","LP, Album",,1976,8133158,Bluegrass,2019-07-23 22:10:14,,,
"080, FF 080",Mike Auldridge And Jeff Newman,Slidin' Smoke,"Flying Fish (2), Flying Fish (2)","LP, Album",,1978,2669100,Bluegrass,2018-10-21 22:41:38,,,
FF-050-A,New Grass Revival,Too Late To Turn Back Now,"Flying Fish Records, Inc.","LP, Album",,1977,8206818,Uncategorized,2018-10-21 19:49:11,,,
"FA 2328, SFW 40023, SFW40023",Big Bill Broonzy,Big Bill Broonzy Sings Folk Songs,"Folkways Records, Smithsonian Folkways Recordings, Smithsonian Folkways Recordings","LP, Album, Mono, Club, RE, RM, 180",,2016,8067357,Uncategorized,2018-10-21 20:02:07,,,
B0024735-01,Weezer,Pinkerton,Geffen Records,"LP, Album, Club, RE, RM, RP, Blu",1,2016,8494616,Uncategorized,2018-10-21 20:53:43,,,
B0011020-01,Whiskeytown,Strangers Almanac,"Geffen Records, Outpost Recordings, Moodfood Records","2xLP, Album",,2008,1315068,Uncategorized,2018-10-23 03:43:30,,,
B0029462-01,The Roots,Phrenology,"Geffen Records, Universal Music Special Markets","2xLP, Album, Club, RE, RM, Bro",,2020,14776901,Uncategorized,2020-02-19 00:57:38,,,
GLS 16501,Foy Vance,Live At Bangor Abbey,Glassnote (2),2xLP,,2015,7007183,Uncategorized,2018-10-24 02:00:40,,,
GLS-0202-01,"Mumford & Sons With Baaba Maal, The Very Best & Beatenberg",Johannesburg,Glassnote (2),"10"", EP",,2016,8661167,Uncategorized,2018-10-21 21:41:57,,,
GLS-0109-01,Mumford & Sons,Sigh No More,"Glassnote (2), Gentlemen Of The Road","LP, Album, RE, 180",,2010,2365359,Bluegrass,2018-10-21 21:43:09,,,
GLS-0130-01,Mumford & Sons,Babel,"Glassnote (2), Gentlemen Of The Road","LP, Album, Gat",,2012,3892004,Bluegrass,2018-10-21 21:43:23,,,
GLS-0265-01,Phoenix,Wolfgang Amadeus Phoenix,"Glassnote (2), Loyauté, Atlantic","LP, Album, Club, RE, RM, Pin",1,2019,13743682,Uncategorized,2019-07-17 16:39:47,,,
HL 7338,Bill Monroe & His Blue Grass Boys,The Original Blue Grass Sound,Harmony (4),"LP, Comp",,1965,4839921,Uncategorized,2022-12-01 20:14:20,,,
KH 30758,Tony Bennett,The Very Thought Of You,Harmony (4),"LP, Comp",,1971,4308572,Uncategorized,2018-10-24 03:13:55,,,
HL 7250,Flatt & Scruggs With The Foggy Mountain Boys,Flatt And Scruggs With The Foggy Mountain Boys,"Harmony (4), Columbia","LP, Album",,1960,2420399,Bluegrass,2018-10-21 22:33:32,,,
SHVL 814,Pink Floyd,Wish You Were Here,Harvest,"LP, Album",,1975,463597,Uncategorized,2020-03-21 23:55:00,,,
196587223724,Tyler Childers,Can I Take My Hounds To Heaven?,Hickman Holler Records,"3xLP, Album",,2022,24679907,Uncategorized,2022-11-05 19:45:02,,,
HHR001-1,Tyler Childers,Purgatory,Hickman Holler Records,"LP, Album, 180",,2017,10659254,Uncategorized,2022-11-05 19:45:17,,,
56285LP,Sturgill Simpson,Cuttin' Grass - Vol. 1 (The Butcher Shoppe Sessions),High Top Mountain Records,"2xLP, Album",5,2020,16506363,Uncategorized,2021-01-05 08:52:22,,,
D002995401,Queen,A Night At The Opera,Hollywood Records,"LP, Album, Club, M/Print, RE, RM, Mul",,2018,13314937,Uncategorized,2019-07-17 16:40:33,,,
HJ0011,The Wood Brothers,Paradise,Honey Jar Records,"LP, Album",,2015,7659410,Uncategorized,2018-10-21 19:35:54,,,
HJ002,The Wood Brothers,Live At The Barn,Honey Jar Records,"LP, Album",,2017,10634462,Uncategorized,2018-10-21 20:51:01,,,
002-1,Dawes (2),Stripped Down At Grimey's,HUB Records (7),"12"", Album, RSD, Ltd, Tra",,2013,5146452,Uncategorized,2019-07-22 17:47:05,,,
HUB007-1,Dawes (2),We're All Gonna Die,HUB Records (7),"LP, Album, Ltd, Mar",,2016,9049062,Uncategorized,2018-10-24 01:55:58,,,
HUB009,Dawes (2),Passwords,HUB Records (7),"2xLP, Album",,2018,12161016,Uncategorized,2018-10-21 21:33:56,,,
9612-1,José González,Vestiges & Claws,Imperial Recordings (4),"LP, Album",,2015,6677819,Uncategorized,2018-10-24 02:04:27,,,
IL 2034,BadBadNotGood,IV,Innovative Leisure Records,"2xLP, Album, Club, Mag",,2016,8753882,Uncategorized,2018-10-21 20:53:09,,,
0602537746187,Rufus Wainwright,Vibrate - The Best Of Rufus Wainwright,"Interscope Records, Geffen Records","2xLP, Comp",,2014,5474382,Uncategorized,2018-10-24 02:05:31,,,
B0028538-01,Feist,Let It Die,"Interscope Records, Polydor, Universal Music Special Markets, Cherry (3)","LP, Album, Club, RE, RM, Gre",,2018,12478531,Uncategorized,2018-10-21 20:08:07,,,
B0031009-01,Queens Of The Stone Age,Songs For The Deaf,"Interscope Records, UMe, Universal Music Special Markets","2xLP, Album, Club, Dlx, RE, Red",,2019,14374762,Uncategorized,2019-11-26 03:20:52,,,
B0028301-01,TV On The Radio,Return To Cookie Mountain,"Interscope Records, Universal Music Special Markets","LP, Bro + LP, Bro + Album, Club, Dlx, RE, RM",1,2018,12117863,Uncategorized,2018-10-21 20:02:56,,,
B0002961-01,Blue Merle (2),Burning In The Sun,Island Def Jam Music Group,"LP, Album",,2005,3389532,Uncategorized,2018-10-21 19:43:42,,,
ILPS 9310,Cat Stevens,Greatest Hits,Island Records,"LP, Comp",,1975,1389126,Uncategorized,2020-03-17 04:11:59,,,
U26,U2,The Joshua Tree,Island Records,"LP, Album, EMI",,1987,1341431,Uncategorized,2020-03-17 04:12:30,,,
IER003-1,Elephant Revival,These Changing Skies,Itz Evolving Records,"LP, Album",,2013,5442782,Bluegrass,2018-10-21 20:09:45,,,
JAG308,Moses Sumney,Aromanticism,Jagjaguwar,"LP, Album, Club, Bla",,2017,10893509,Uncategorized,2018-10-21 22:01:35,,,
BU 4150,Various,Bluegrass Hall Of Fame,K-Tel,LP,,1981,3173953,Uncategorized,2022-12-01 20:15:16,,,
KH3LP9028,Frank Zappa & Captain Beefheart,"Providence College, Rhode Island, April 26th 1975",Keyhole,"3xLP, Album, Unofficial, 180",,2015,6659957,Uncategorized,2020-03-17 02:08:12,,,
88875100511,OutKast,Stankonia,"LaFace Records, Arista, Sony Music Commercial Music Group","2xLP, Album, Club, RE, RM, Gra",,2020,16030220,Uncategorized,2020-11-16 03:33:23,,,
19439978091,Willie Nelson,Willie Nelson Live At Budokan,Legacy,"2xLP, RSD, RE",,2022,25261426,Uncategorized,2023-01-12 17:57:04,,,
LOO-1108,Kenny Rogers,Share Your Love,Liberty,"LP, Album, Jac",,1981,9905637,Uncategorized,2020-03-17 04:21:09,,,
LRP-3214,The Bluegrass Gentlemen,The Blue Grass Gentlemen,Liberty,LP,,1962,3412977,Uncategorized,2022-11-05 19:52:11,,,
LITA 054,Jim Sullivan (3),U.F.O.,Light In The Attic,"LP, Album, Club, RE, RM, Cok",,2019,14115803,Uncategorized,2019-09-30 21:12:28,,,
"LITA 026, JSS-5",Betty Davis,Betty Davis,"Light In The Attic, Just Sunshine Records","LP, Album, Club, RE, RM, RP, Sil",,2017,10549758,Uncategorized,2018-10-21 21:17:33,,,
"IDIOT061, 5060236634252",Moby,Play,"Little Idiot, Little Idiot","2xLP, Album, Club, RE, RM, Tur",,2018,11395156,Uncategorized,2018-10-21 21:16:23,,,
LVR00226,St. Vincent,Masseduction,Loma Vista,"LP, Album, Club, Blu",,2017,11130348,Uncategorized,2018-10-21 22:10:38,,,
088 170 333-1,Ryan Adams,Demolition,Lost Highway,"LP, Album",,2002,1029389,Uncategorized,2018-10-23 04:05:32,,,
B0004343-01,Ryan Adams & The Cardinals,Cold Roses,Lost Highway,"2xLP, Album",,2005,1208938,Uncategorized,2018-10-23 04:05:47,,,
B0004707-01,Ryan Adams & The Cardinals,Jacksonville City Nights,Lost Highway,"2xLP, Album",,2005,1208947,Uncategorized,2018-10-23 03:58:56,,,
B0008760-01,Ryan Adams & The Cardinals,Easy Tiger,Lost Highway,"LP, Album, Ora",,2007,1020596,Uncategorized,2018-10-23 04:01:05,,,
B0010177-01,Ryan Adams & The Cardinals,Follow The Lights,Lost Highway,"12"", EP",,2007,1166819,Uncategorized,2018-10-23 04:00:16,,,
B0012195-01,Ryan Adams & The Cardinals,Cardinology,Lost Highway,"LP, Album, Red + 7"" + Ltd",,2008,1530184,Uncategorized,2018-10-23 04:02:49,,,
B0015435-01,Whiskeytown,Pneumonia,Lost Highway,"2xLP, Album, Ltd, Cle",,2011,2823537,Uncategorized,2018-10-23 03:45:54,,,
"088 170 235-1, 088 170 299-1, 088 170 300-1",Ryan Adams,Gold,"Lost Highway, Lost Highway, Lost Highway","2xLP, Album, RP, Uni",,2003,5069614,Uncategorized,2018-10-21 22:27:42,,,
MRC002,Margot & The Nuclear So And So's,Buzzard,Mariel Recording Company,"2xLP, Album",,2010,2926175,Uncategorized,2018-10-23 04:08:24,,,
B0029785-01,Loretta Lynn,Coal Miner’s Daughter,"MCA Nashville, Universal Music Special Markets, Decca","LP, Album, Club, RE, RM, Blu",,2019,13467992,Uncategorized,2019-07-17 16:25:18,,,
MCA-2270,The Vassar Clements Band,The Vassar Clements Band,MCA Records,"LP, Album",,1977,2247971,Uncategorized,2022-12-01 20:16:52,,,
MCA-5102,Jimmy Buffett,Volcano,MCA Records,"LP, Album, Gat",,1979,8195636,Uncategorized,2020-03-17 04:11:28,,,
MCA-5150,The Oak Ridge Boys,Greatest Hits,MCA Records,"LP, Comp, Glo",,1980,10011179,Uncategorized,2020-03-17 05:00:27,,,
MCA-5214 ,Bill Monroe,Master Of Bluegrass,MCA Records,"LP, Album",,1981,7361107,Uncategorized,2022-11-05 19:50:20,,,
MCA-5965,Jerry Douglas,Changing Channels,MCA Records,"LP, Album",,1987,2366679,Uncategorized,2022-12-15 13:49:22,,,
MCA2-8004,Sonny & Cher,Live In Las Vegas Vol.2,MCA Records,"2xLP, Album",,1973,3084219,Uncategorized,2020-03-17 04:15:20,,,
MCA2-8027,Lynyrd Skynyrd,Southern By The Grace Of God: Lynyrd Skynyrd Tribute Tour 1987,MCA Records,"2xLP, Album",,1988,10457004,Uncategorized,2020-03-17 04:18:28,,,
"MCA-2 8002, MCA2-8002",Various,Bean Blossom,"MCA Records, MCA Records","2xLP, Album, Pin",,1973,4314392,Bluegrass,2018-10-21 21:39:10,,,
73687,The Statler Brothers,I'll Go To My Grave Loving You / You've Been Like A Mother To Me,Mercury,"7""",,1975,2204215,Uncategorized,2020-03-17 05:17:07,,,
B0018029-01,Kacey Musgraves,Same Trailer Different Park,Mercury,"LP, Album",,2013,4486131,Uncategorized,2018-10-21 21:22:46,,,
SR 61369,Tom T. Hall,Tom T. Hall's Greatest Hits,Mercury,"LP, Comp",,1972,1621624,Uncategorized,2022-12-01 20:10:51,,,
SRM 1-609,Rod Stewart,Every Picture Tells A Story,Mercury,"LP, Album, RP, Hol",,1973,5767435,Uncategorized,2019-07-18 14:54:58,,,
B0019405-01,Chris Stapleton,Traveller,Mercury Nashville,"2xLP, Album",,2015,7058704,Modern Country,2019-07-23 15:58:10,,,
B0022816-01 ,Kacey Musgraves,Pageant Material,Mercury Nashville,"LP, Album, Pin",,2015,7221618,Uncategorized,2018-10-21 21:23:27,,,
B0032689-01,Chris Stapleton,Starting Over,Mercury Nashville,"2xLP, Album, 180",,2020,16176084,Modern Country,2020-11-16 03:21:28,,,
MRG670,Fruit Bats,Gold Past Life,Merge Records,"LP, Album",,2019,13792246,Uncategorized,2019-07-17 16:46:36,,,
"MRG103LP, MRG 103 LP",Neutral Milk Hotel,On Avery Island,"Merge Records, Merge Records","LP, Album",,1996,782876,Uncategorized,2018-10-21 22:23:22,,,
MRG385,Arcade Fire,The Suburbs,"Merge Records, Sonovox Records","2xLP, Album",1,2010,2380004,Uncategorized,2018-10-23 04:27:09,,,
"RCV1 628771, 081227907341",Stevie Nicks,Bella Donna,"Modern Records, Modern Records, ATCO Records, ATCO Records","LP, Album, Club, RE, RM, Blu",,2020,15282815,Uncategorized,2020-11-16 03:32:04,,,
MP431,Sleater-Kinney,The Center Won't Hold,Mom + Pop,"LP, Album, Club, Red",3,2019,13980901,Uncategorized,2019-08-19 19:23:59,,,
"6059 ML, 6059ML",Lionel Richie,Can't Slow Down,"Motown, Motown","LP, Album, Gat",,1983,4225726,Uncategorized,2020-03-22 00:00:08,,,
B0032614-01,Erykah Badu,Mama's Gun,"Motown, Universal Music Special Markets","LP, Sca + LP, Gol + Album, Club, RE, RM",,2020,16189786,Uncategorized,2020-11-16 03:21:59,,,
"MOVLP008, 88697335701",Johnny Cash,16 Biggest Hits,"Music On Vinyl, Columbia, Legacy","LP, Comp, RP, 180",,2009,2048682,Uncategorized,2018-10-24 02:15:36,,,
9324-1,José González,Veneer,"Mute, Imperial Recordings (4)","LP, Album, RE, 180 + CD, Album",,2012,3973264,Uncategorized,2018-10-24 02:09:14,,,
MUTE 9367-1,José González,In Our Nature,"Mute, Mute Corporation","LP, Album, 180",,2007,3508717,Uncategorized,2018-10-24 02:12:30,,,
MAH08,Panda Bear,Person Pitch,My Animal Home,"12"", Whi + 12"", Blu + Album, Club, RE, RM, Gat",4,2017,9649225,Uncategorized,2019-07-26 17:34:09,,,
NW5128,Sara Watkins,Young In All The Wrong Ways,New West Records,"LP, Album",,2016,8724908,Uncategorized,2018-10-21 20:38:56,,,
"NW5379, NW5365",Caroline Rose,Superstar,"New West Records, New West Records","LP, Album, Club, Pin",,2020,14903657,Uncategorized,2020-03-17 02:38:04,,,
075597904536,Molly Tuttle & Golden Highway,City of Gold,Nonesuch,"LP, Album, Ltd, Gol",,2023,27822093,Uncategorized,2024-02-03 10:18:32,,,
075597911787,Molly Tuttle & Golden Highway, Crooked Tree,Nonesuch,LP,,2022,23206826,Uncategorized,2022-11-05 19:44:37,,,
075597912494,Punch Brothers,Hell On Church Street,Nonesuch,"LP, Album",,2022,21726892,Uncategorized,2022-11-05 20:23:48,,,
558777-1,Fleet Foxes,Crack-Up,Nonesuch,"2xLP, Album",,2017,10440215,Uncategorized,2018-10-24 03:03:00,,,
7559795598,Nickel Creek,A Dotted Line,Nonesuch,"LP, Album",,2014,7798301,Bluegrass,2018-10-21 20:39:40,,,
none,Nickel Creek,Live From The Fox Theater,Not On Label,"22xFile, MP3, Album",,2020,15999447,Bluegrass,2023-01-12 17:55:30,,,
none,Various,The John Hartford Fiddle Tune Project Vol. 1,Not On Label,"LP, Album",,2020,15252102,Bluegrass,2023-01-12 17:56:04,,,
703108442901,Pink Floyd,Dark Side Of The Moon,Not On Label (Pink Floyd),"LP, Album, Ltd, Pic, Unofficial",,2006,940923,Uncategorized,2019-07-16 18:29:06,,,
umN2F107,Umphrey's McGee,Safety In Numbers,"Nothing Too Fancy Music, Hanging Brains Music","2xLP, Album, RE, RM, 180",5,2016,8277829,Uncategorized,2018-10-21 22:31:16,,,
NA 5138,Wells Fargo (8),Watch Out!,Now-Again Records,"LP, Comp, Club, Yel",,2016,8635268,Uncategorized,2019-07-24 16:41:46,,,
NA 5164,Ayalew Mesfin,Hasabe - My Worries,Now-Again Records,"LP, Comp, Club, Mar",,2018,11544269,Uncategorized,2018-10-21 21:04:23,,,
NA 5176,E.U.,Free Yourself,Now-Again Records,"LP, Album, Club, RE, RM, Bro",,2019,13613129,Uncategorized,2019-07-17 16:45:29,,,
OR-1502,Banks & Shane,Live At Symphony Hall,Oblivion Records (6),LP,,1975,4491608,Bluegrass,2018-10-21 21:28:25,,,
none,Leif Vollebekk,North Americana,Outside Music,"LP, Album, 180",,2013,4549706,Uncategorized,2018-10-24 02:00:10,,,
OSF-V1,Doc & Merle Watson,"Never The Same Way Once • Live At The Boarding House • Thursday, May 2, 1974",Owsley Stanley Foundation,"2xLP, Album",,2018,11451112,Bluegrass,2019-11-26 03:21:43,,,
PTSN-008LP,Deer Tick,The Black Dirt Sessions,Partisan Records,"LP, Album",,2010,2376882,Uncategorized,2018-10-23 03:34:43,,,
PTSN015LP,Middle Brother,Middle Brother,Partisan Records,"LP, Album",,2011,8911914,Uncategorized,2018-10-21 21:58:05,,,
PAX-AM 012,Ryan Adams,Come Home / Starsign (Original Demo Recordings),Pax Americana Record Company,"7"", Single",,2011,3183175,Uncategorized,2020-03-17 05:27:29,,,
PAX-AM 035,Ryan Adams,1984,Pax Americana Record Company,"7""",,2014,5996462,Uncategorized,2020-03-17 05:26:40,,,
PAX-AM008-01,Ryan Adams & The Cardinals,III/IV,Pax Americana Record Company,"LP, Red + LP, Blu + Album, Gat",,2010,2597222,Uncategorized,2018-10-23 03:52:05,,,
"PAX-AM 034, B002086401",Ryan Adams,Gimme Something Good,"Pax Americana Record Company, Blue Note","7"", Single",,2014,5840321,Uncategorized,2020-03-17 05:28:51,,,
"PAX-AM 039, B002099601",Ryan Adams,Ryan Adams,"Pax Americana Record Company, Blue Note","LP, Album",,2014,6069989,Uncategorized,2018-10-21 22:30:36,,,
"PAX-AM057, B002410001",Ryan Adams,1989,"Pax Americana Record Company, Blue Note","2xLP, Album",,2015,7831705,Uncategorized,2018-10-21 22:13:15,,,
"PAX-AM 011, 509996 79344 1 6",Ryan Adams,Ashes & Fire,"Pax Americana Record Company, Capitol Records","LP, Album + Flexi, 7"", S/Sided + Box, Ltd, Del",,2011,3191993,Uncategorized,2020-03-17 05:31:27,,,
"PAX-AM 040, 2537919857",Ryan Adams,Jacksonville,"Pax Americana Record Company, Pax Americana Record Company","7""",,2014,6090014,Uncategorized,2020-03-17 05:25:49,,,
"PAX-AM 041, 1790021737",Ryan Adams,Vampires,"Pax Americana Record Company, Pax Americana Record Company","7"", Red",,2014,6227004,Uncategorized,2020-03-17 05:24:49,,,
"PAX-AM 042, 2537919871",Ryan Adams,Do You Laugh When You Lie?,"Pax Americana Record Company, Pax Americana Record Company","7""",,2014,6375726,Uncategorized,2020-03-17 05:24:11,,,
"PAX-AM 043, 2537919864",Ryan Adams,No Shadow,"Pax Americana Record Company, Pax Americana Record Company","7"", Ltd",,2015,6503184,Uncategorized,2020-03-17 05:23:13,,,
"Pax-AM 044, 1790022482",Ryan Adams,Blue Light,"Pax Americana Record Company, Pax Americana Record Company","7"", Ltd",,2015,6817172,Uncategorized,2020-03-17 05:20:07,,,
"PAX-AM 046, 1790022529",Ryan Adams,Burn In The Night,"Pax Americana Record Company, Pax Americana Record Company","7"", Single, Ltd",,2015,7145380,Uncategorized,2020-03-17 05:19:39,,,
"PAX-AM 047, 1790022543",Ryan Adams,Willow Lane,"Pax Americana Record Company, Pax Americana Record Company","7"", Single, Ltd",,2015,7366690,Uncategorized,2020-03-17 05:19:09,,,
"PAX-AM 049, PAX-AM 054, B002263601",Ryan Adams,Live At Carnegie Hall,"Pax Americana Record Company, Pax Americana Record Company, Blue Note","6xLP, Album, 180 + Box",,2015,7161664,Uncategorized,2019-07-11 22:16:15,,,
"PAX-AM 056, 1790025445, 0600753642917",Ryan Adams,Heartbreaker,"Pax Americana Record Company, Pax Americana Record Company, Pax Americana Record Company","4xLP, Dlx, RE + DVD-V + Box, Dlx",,2016,8481373,Uncategorized,2020-03-17 17:17:33,,,
19658-81138-1,Tyler Childers,Rustin' In The Rain,RCA,"LP, Album, Gre",,2023,28182322,Uncategorized,2024-02-03 10:37:20,,,
88697-32670-1,Ray Lamontagne,Gossip In The Grain,RCA,"2xLP, Album, 180",,2008,2076386,Uncategorized,2018-10-21 20:15:10,,,
88697-65086-1,Ray LaMontagne And The Pariah Dogs,God Willin' & The Creek Don't Rise,RCA,"2xLP, Album",,2010,2397791,Uncategorized,2018-10-21 20:13:23,,,
886978480019,Ray LaMontagne And The Pariah Dogs,Live Fall 2010,RCA,"12""",,2011,2832799,Uncategorized,2018-10-21 21:40:15,,,
88843 05455 1,Ray Lamontagne,Supernova,RCA,"LP, 180",,2014,5649328,Uncategorized,2018-10-21 20:12:36,,,
88875-13542-1,Ray Lamontagne,Ouroboros,RCA,"LP, Album, Gat",,2016,11253173,Uncategorized,2018-10-21 20:10:57,,,
APL1-1117,Dolly Parton,Best Of Dolly Parton,RCA,"LP, Comp, RE, Bla",,1976,1852680,Uncategorized,2019-07-18 14:52:56,,,
CAL-2428,Elvis Presley,Elvis' Christmas Album,RCA Camden,"LP, Album, Mono, Hol",,1970,1421937,Uncategorized,2020-03-21 23:55:56,,,
CAS-2585,Jerry Reed,Oh What A Woman!,RCA Camden,"LP, Album, Comp, Hol",,1972,3808003,Uncategorized,2022-12-01 20:09:22,,,
AAL1-1321,"Waylon Jennings, Willie Nelson, Jessi Colter, Tompall Glaser",Wanted! The Outlaws,RCA Victor,"LP, Album, Comp, RE, Ind",,1976,2246784,Uncategorized,2020-03-17 04:54:29,,,
AFL1-3451,John Denver And The Muppets,A Christmas Together,RCA Victor,"LP, Album, Gat",,1979,1799001,Uncategorized,2020-03-21 23:57:05,,,
NFL1-8058,Bruce Hornsby And The Range,The Way It Is,RCA Victor,"LP, Album, Ind",,1986,2811531,Uncategorized,2019-07-16 17:59:37,,,
"88985317261, LSP-3789",Nina Simone,Nina Simone Sings The Blues,"RCA Victor, RCA Victor","LP, Album, Club, RE, Blu",,2016,9485790,Uncategorized,2018-10-21 22:18:25,,,
"LSP-4603, 194398802213",Dolly Parton,Coat Of Many Colors,"RCA Victor, RCA, Sony Music Commercial Music Group","LP, Album, Club, RE, RM, Rai",,2021,19818682,Uncategorized,2022-11-05 20:27:38,,,
19075-96034-1,Tyler Childers,Country Squire,"RCA, Hickman Holler Records","LP, Album",,2019,13948321,Uncategorized,2022-11-05 19:45:33,,,
88697 39842 1,Ray Lamontagne,Till The Sun Turns Black,"RCA, Legacy","LP, Album, RE, Ray",,2008,2091553,Uncategorized,2018-10-21 20:14:01,,,
88697 39844-1,Ray Lamontagne,Trouble,"RCA, Legacy","LP, Album, RE, 180",,2008,1878781,Uncategorized,2018-10-21 20:14:32,,,
CPL1-0374,John Denver,John Denver's Greatest Hits,"RCA, RCA Victor","LP, Comp, Ora",,1973,8055184,Uncategorized,2020-03-17 04:57:35,,,
C-1583,J.D. Crowe,Blackjack,Rebel Records (3),"Cass, Album, RE",,1998,15128582,Uncategorized,2021-01-06 04:33:58,,,
REB-LP-1549,Tony Rice,California Autumn,Rebel Records (3),"LP, RE, RM",,2022,22211842,Uncategorized,2022-11-05 19:46:42,,,
"SLP-1530, REB-1530",Ralph Stanley,A Man And His Music,"Rebel Records (3), Rebel Records (3)","LP, Album",,1974,4320339,Uncategorized,2022-11-05 19:47:47,,,
538689100,Béla Fleck,My Bluegrass Heart,Renew Records (2),"2xLP, Album",,2021,20449936,Uncategorized,2022-11-05 20:25:15,,,
RR03870LPD2C1,Nickel Creek,Celebrants,Repair Records (2),"2xLP, Album, Iri",,2023,26539976,Uncategorized,2023-04-02 08:04:15,,,
MS 2225,Fleetwood Mac,Fleetwood Mac,Reprise Records,"LP, Album, San",,1975,13552836,Uncategorized,2020-03-17 04:50:53,,,
"RCV1 659144, 081227879839",Emmylou Harris,Pieces Of The Sky,"Reprise Records, Reprise Records","LP, Album, Club, RE, RM, Gol",,2021,20188387,Uncategorized,2022-11-05 20:28:16,,,
"RS 6352, 6352",Kenny Rogers & The First Edition,"Ruby, Don't Take Your Love To Town","Reprise Records, Reprise Records","LP, Album, Ter",,1969,2354465,Uncategorized,2020-03-17 05:04:49,,,
RRR0004,Dan Huckabee,Why Is This Man Smiling,Ridge Runner,"LP, Album",,1976,3031362,Bluegrass,2018-10-21 22:35:04,,,
RRR0009,Slim Richey's Jazz Grass,Jazz Grass,Ridge Runner,"LP, Album",5,1977,3583958,Bluegrass,2018-10-21 21:34:45,,,
"RVL 7504, 814 450-1",John Cougar Mellencamp,Uh-Huh,"Riva (2), Riva (2)","LP, Album, 26 ",,1983,542107,Uncategorized,2020-03-17 04:29:25,,,
0016,Vassar Clements,Crossing The Catskills,Rounder Records,"LP, Album, Wak",,1973,3011933,Uncategorized,2022-12-01 20:10:09,,,
0144,Norman Blake (2) And Rising Fawn String Ensemble,Full Moon On The Farm,Rounder Records,"LP, Album, Wak",,1981,2294586,Uncategorized,2022-11-05 19:53:41,,,
0151,Ricky Skaggs,Family & Friends,Rounder Records,"LP, Album, Wak",,1982,3020137,Uncategorized,2022-12-01 20:13:27,,,
11661-36141-01,The Earls Of Leicester,The Earls Of Leicester,Rounder Records,"LP, Album",,2014,6340097,Bluegrass,2018-10-21 19:37:08,,,
1166100002,The Earls Of Leicester,Rattle & Roar,Rounder Records,"LP, Album",,2016,8870845,Bluegrass,2018-10-21 19:41:30,,,
1166100233,The Jerry Douglas Band,What If,Rounder Records,"LP, Album, S/Edition, Red",,2017,10949937,Bluegrass,2018-10-21 19:57:51,,,
1166100426,The Earls Of Leicester,Live At The CMA Theater In The Country Music Hall Of Fame ,Rounder Records,"2xLP, Album",,2018,12708939,Bluegrass,2019-07-23 20:51:21,,,
1166100580,Sierra Hull,25 Trips,Rounder Records,"LP, Album",,2020,14867401,Bluegrass,2020-11-16 03:33:05,,,
1166100637,Billy Strings,Home,Rounder Records,"2xLP, Album",,2019,14197598,Bluegrass,2019-11-26 03:19:44,,,
1166101289,Sierra Ferrell,Long Time Coming,Rounder Records,"LP, Album",,2021,19924693,Uncategorized,2024-02-03 10:16:05,,,
1166101424,Billy Strings,Renewal,Rounder Records,"2xLP, Album",,2021,20464237,Uncategorized,2022-11-05 20:25:58,,,
1166101799,Billy Strings,Me / And / Dad,Rounder Records,"LP, Album, Ltd, Bla",,2022,25206469,Uncategorized,2022-12-01 20:21:49,,,
Rounder CD 0140,"Bluegrass Album Band - J.D. Crowe, Tony Rice, Doyle Lawson, Bobby Hicks, Todd Phillips","The Bluegrass Album, Volume One",Rounder Records,"CD, Album, RE",,1998,11929862,Uncategorized,2021-01-06 04:33:49,,,
88875199831,Fugees,The Score,"Ruffhouse Records, Columbia, Sony Music Commercial Music Group","2xLP, Album, RE, Gol + 7"", Gol + Club",,2016,8379739,Uncategorized,2019-07-24 16:42:25,,,
RALP 40500,Frank Zappa,Strictly Commercial (The Best Of Frank Zappa),Rykodisc,"2xLP, Comp, Ltd, Num",,1995,1661029,Uncategorized,2020-03-17 02:39:41,,,
LBJ-158,Bright Eyes,The People's Key,Saddle Creek,"LP, Album, 180",,2011,2801152,Uncategorized,2018-10-21 21:59:11,,,
LBJ-72,Bright Eyes,"I'm Wide Awake, It's Morning",Saddle Creek,"LP, Album, 180",,2005,530281,Uncategorized,2018-10-21 20:42:22,,,
SCIFI 1117V,Umphrey's McGee,Mantis,Sci Fidelity Records,LP,5,2009,2916641,Uncategorized,2018-10-21 22:20:24,,,
SC295,Damien Jurado,Brothers And Sisters Of The Eternal Son,Secretly Canadian,"LP, Album",,2014,5311255,Uncategorized,2018-10-23 04:10:04,,,
SD71361-1,The Reverend Peyton's Big Damn Band,The Whole Fam Damnily,SideOneDummy Records,"LP, Album, Gre",1,2008,3167540,Uncategorized,2018-10-21 21:56:25,,,
SVLP 388,Jeff Buckley,Mystery White Boy: Live '95 - '96,Simply Vinyl,"2xLP, Album, Ltd",,2000,1020572,Uncategorized,2018-10-24 02:25:44,,,
"SVLP 077, 475928 1",Jeff Buckley,Grace,"Simply Vinyl, Columbia","LP, Album, Ltd, RE, RP, 180",,1999,749256,Uncategorized,2018-10-24 02:24:48,,,
none,"John Hartford, Tony Rice, Vassar Clements","Hartford, Rice & Clements",Small Dog A-Barkin',"LP, Album, RE",,2019,13866598,Bluegrass,2023-01-12 17:57:42,,,
"VMP-E065, 19075810841",Clipse,Lord Willin',"Star Trak Entertainment, Star Trak Entertainment, Sony Music Commercial Music Group","2xLP, Album, Club, RE, Gre",,2018,11978254,Uncategorized,2018-10-21 20:04:12,,,
SP 625,The Shins,Chutes Too Narrow,Sub Pop,"LP, Album, RP, Gat",5,2005,484026,Uncategorized,2018-10-24 01:53:22,,,
SP 705,The Shins,Wincing The Night Away,Sub Pop,"LP, Album",5,2007,891539,Uncategorized,2018-10-23 03:31:19,,,
SP 808,Iron And Wine,Around The Well,Sub Pop,"2xLP, Comp + 12"", S/Sided, Etch",,2009,1786285,Uncategorized,2018-10-23 04:06:50,,,
SP 830,Fruit Bats,The Ruminant Band,Sub Pop,"LP, Album",,2009,2424877,Uncategorized,2018-10-24 03:08:54,,,
SP 888,Fleet Foxes,Helplessness Blues,Sub Pop,"2xLP, Album, Gat",,2011,2856645,Uncategorized,2018-10-24 03:01:09,,,
SP915,The Head And The Heart,The Head And The Heart,Sub Pop,"LP, Album",,2011,2832647,Uncategorized,2018-10-24 02:58:54,,,
SP935,Fruit Bats,Tripper,Sub Pop,"LP, Album",,2011,3037777,Uncategorized,2018-10-24 03:08:12,,,
SP936,Vetiver,The Errant Charm,Sub Pop,"LP, Album",5,2011,2962834,Uncategorized,2018-10-21 22:25:11,,,
"SP 777, SP 781",Fleet Foxes,Fleet Foxes,"Sub Pop, Sub Pop","LP, Album + 12"", EP + Gat",,2008,1359927,Uncategorized,2018-10-24 02:59:53,,,
3709,The Seldom Scene,Act Four,Sugar Hill Records (2),"LP, Album",,1979,2823431,Uncategorized,2022-12-01 20:15:45,,,
SH - 3721,The Seldom Scene,After Midnight,Sugar Hill Records (2),"LP, Album",,1981,1704799,Bluegrass,2018-10-21 22:39:39,,,
SH-3711,Ricky Skaggs & Tony Rice,Skaggs & Rice,Sugar Hill Records (2),"LP, Album",,1980,1801417,Bluegrass,2019-11-26 03:18:42,,,
SH-3717,Doyle Lawson & Quicksilver,Rock My Soul,Sugar Hill Records (2),"LP, Album",,1981,3027333,Bluegrass,2018-10-21 21:37:12,,,
SH-3725,Mike Auldridge With The Seldom Scene And Friends Of Mike Auldridge,Eight String Swing,Sugar Hill Records (2),"LP, Album",,1982,2677633,Bluegrass,2018-10-21 21:27:25,,,
SH-3768,Blue Rose (5),Blue Rose,Sugar Hill Records (2),LP,,1988,3043623,Bluegrass,2018-10-21 21:24:02,,,
SH-3778,The Nashville Bluegrass Band,The Boys Are Back In Town,Sugar Hill Records (2),"LP, Album",,1990,3436146,Uncategorized,2022-11-05 19:49:13,,,
SUG-39113-01,Sarah Jarosz,Undercurrent,Sugar Hill Records (2),"LP, Album",5,2016,8644513,Bluegrass,2018-10-21 19:47:16,,,Autographed at the Telluride Bluegrass festival in 2017
SUG-LP-3941,Nickel Creek,This Side,Sugar Hill Records (2),"2xLP, Album, Ltd, RE, RM, 180",,2011,2842964,Bluegrass,2018-10-21 19:46:21,,,
SUG-LP-3990,Nickel Creek,Why Should The Fire Die?,Sugar Hill Records (2),"2x12"", RSD, RE, RM, Gat",,2011,2866617,Bluegrass,2018-10-21 20:38:02,,,
SUG-LP-4093,Sarah Jarosz,Build Me Up From Bones,Sugar Hill Records (2),LP,,2013,5023189,Bluegrass,2018-10-21 19:48:39,,,
SH-156-1,Gregory Alan Isakov,This Empty Northern Hemisphere,Suitcase Town Music,"LP, Album",,2009,5671781,Uncategorized,2018-10-21 20:09:01,,,
D 1041,Mike Auldridge,Blues And Blue Grass,Takoma,"LP, Album",,1974,1999960,Bluegrass,2018-10-23 03:25:59,,,
D-1033,Mike Auldridge,Dobro,Takoma,"LP, Album",,1972,2741508,Bluegrass,2018-10-21 21:36:15,,,
T 326L,Stevie Wonder,Innervisions,Tamla,"LP, Album, Hol",,1973,13286331,Uncategorized,2019-07-16 20:01:27,,,
TTR42005,The Infamous Stringdusters,Rise Sun,Tape Time Records,"2xLP, Album, Sun",,2019,13635149,Bluegrass,2019-09-30 20:57:36,,,
TRR181-VMP,The Books,The Lemon Of Pink,Temporary Residence Limited,"LP, Album, Club, Ltd, RE, RM, Yel",1,2016,9332526,Uncategorized,2019-07-24 16:43:56,,,
CGO 053,Kings Of Leon,Only By The Night,The Control Group,"2xLP, Album, 180",,2008,1566490,Uncategorized,2018-10-23 03:36:03,,,
none,Circles Around The Sun,Meets Joe Russo,The Royal Potato Family,"12"", EP, Ltd",,2019,14339420,Uncategorized,2019-11-26 03:23:03,,,
TMR-032,The White Stripes,De Stijl,Third Man Records,"LP, Album, Club, RE, RM, Red",,2020,15586402,Uncategorized,2020-11-16 03:30:32,,,
TB-5103-1,De La Soul,3 Feet High And Rising,Tommy Boy,"2xLP, Album, Club, Ltd, RE, RM, Cle",,2019,13290519,Uncategorized,2019-07-11 22:26:33,,,
none,Lukas Nelson And Promise Of The Real,Wasted,Tone Tide Records,"2xLP, Album",,2012,4701202,Uncategorized,2019-12-15 23:30:06,,,
TRK 031,Lost In The Trees,All Alone In An Empty House,Trekky Records,"LP, Album",,2008,2404858,Uncategorized,2018-10-24 01:59:16,,,
BMG-538389851,The Silvertones,Silver Bullets,"Trojan Records, Trojan Target, BMG","LP, Album, Club, RE, RM, Cle",4,2018,12235645,Uncategorized,2018-10-21 20:15:40,,,
759740731025,Trout Steak Revival,Spirit To The Sea,Trout Steak Revival,"LP, Album",5,2017,12173308,Bluegrass,2019-09-30 22:01:10,,,
LOO-979,Kenny Rogers,Kenny,United Artists Records,"LP, Album, All",,1979,10369190,Uncategorized,2020-03-17 05:05:52,,,
UA-LA835-H,Kenny Rogers,Ten Years Of Gold,United Artists Records,"LP, Album, Comp, RE",,0,9995124,Uncategorized,2020-03-17 05:02:29,,,
UA-LA934-H,Kenny Rogers,The Gambler,United Artists Records,"LP, Album",,1978,890916,Uncategorized,2020-03-17 05:01:26,,,
UAS 9956,Frank Zappa,200 Motels,United Artists Records,"2xLP, Album, Gat",,1971,545054,Uncategorized,2020-03-17 02:56:50,,,
UAS-5535,Don McLean,American Pie ,United Artists Records,"LP, Album, Pit",,1971,11017925,Uncategorized,2020-03-17 04:18:56,,,
"6349.187, B0028558-01",Jorge Ben,África Brasil,"Universal Music Special Markets, Universal Music Special Markets","LP, Album, Club, RE, Yel",,2019,13855128,Uncategorized,2019-07-22 16:02:43,,,
VR6261,Pete Yorn,Pete Yorn,Vagrant Records,"LP, Album",,2010,2509386,Uncategorized,2018-10-23 04:19:51,,,
VSD 107 / 08,"Doc Watson, Clint Howard And Fred Price",Old Timey Concert,Vanguard,"2xLP, Album",,1977,6435045,Bluegrass,2019-09-30 21:00:47,,,
"VJ 1092, VJLP 1062",The Beatles,"Songs, Pictures And Stories Of The Fabulous Beatles","Vee Jay Records, Vee Jay Records","LP, Album, Mono",,1964,2418762,Uncategorized,2020-03-17 04:32:08,,,
"VERS 2, 6359 119",Def Leppard,Pyromania,"Vertigo, Vertigo","LP, Album",,1983,831997,Uncategorized,2020-03-17 04:13:04,,,
815 239-1,Stan Getz,Stan The Man,Verve Records,"2xLP, Comp",,1984,4231660,Uncategorized,2019-07-22 17:36:25,,,
V6-8412,Stan Getz / Eddie Sauter,Focus,Verve Records,"LP, Album, Gat",,1961,1352828,Uncategorized,2018-10-24 03:16:33,,,
V6-5068X,The Mothers,Mothermania (The Best Of The Mothers),"Verve Records, Bizarre Records","LP, Comp",,1969,546642,Uncategorized,2020-03-17 02:32:20,,,
"B0032667-01, MGV-8099, 0600753458877",Billie Holiday,Lady Sings The Blues,"Verve Records, Universal Music Special Markets, Verve Records, Verve Records, Universal Music Special Markets","LP, Album, Club, RE, RM, Blu",,2020,16419225,Uncategorized,2021-01-05 08:55:35,,,
"V/V6-5013X, V6-5013",The Mothers,Absolutely Free,"Verve Records, Verve Records","LP, Album, MGM",,1967,1317328,Uncategorized,2020-03-17 02:56:23,,,
"V6-5045X, V6-5045",The Mothers,We're Only In It For The Money,"Verve Records, Verve Records","LP, Album, Fir",,1968,431258,Uncategorized,2020-03-17 02:22:58,,,
88697-42232-1,The Derek Trucks Band,Already Free,Victor Records (2),"2xLP, Album",,2009,1847685,Uncategorized,2018-10-24 01:57:37,,,
D+J052214,Blessed Feathers,There Will Be No Sad Tomorrow,"Vinyl Me, Please","LP, Album, Club, Pur",,2015,7519355,Uncategorized,2018-10-21 20:07:17,,,
VMP-006,Main Source,Breaking Atoms,"Vinyl Me, Please","LP, Album, Club, M/Print, RE, Ora + 7"", Vio",4,2017,9816263,Uncategorized,2018-10-21 20:52:46,,,
VMP-027,Beach House,Devotion,"Vinyl Me, Please, Carpark Records","2xLP, Album, Club, Dlx, RE, RM, Cle",,2018,11684922,Uncategorized,2018-10-21 21:03:34,,,
VMP-007,Tennis (6),Yours Conditionally ,"Vinyl Me, Please, Mutually Detrimental","LP, Album, Club, Pin",,2017,9954508,Uncategorized,2019-07-24 16:43:26,,,
CR00146,Mavis Staples,Mavis Staples,Volt,"LP, Album, Club, RE, RM, Ora",,2018,12909387,Uncategorized,2019-07-17 16:27:22,,,
1-526280,Iron And Wine,Kiss Each Other Clean,Warner Bros. Records,"LP, Album, TP",,2010,9241536,Uncategorized,2018-10-23 03:24:02,,,
543639-1,Béla Fleck & The Flecktones,Flight Of The Cosmic Hippo,Warner Bros. Records,"LP, Album, RM, 180",,2015,6550607,Uncategorized,2019-07-22 22:10:57,,,
BS 2866,James Taylor (2),Gorilla,Warner Bros. Records,"LP, Album, RP, Los",,1976,4450814,Uncategorized,2020-03-17 04:47:20,,,
BS 2970,Frank Zappa,Zoot Allures,Warner Bros. Records,"LP, Album, Los",,1976,375164,Uncategorized,2020-03-17 02:11:19,,,
BS 2979,James Taylor (2),James Taylor's Greatest Hits,Warner Bros. Records,"LP, Comp, Los",,1976,3419807,Uncategorized,2020-03-17 04:19:38,,,
BSK 3010,Fleetwood Mac,Rumours,Warner Bros. Records,"LP, Album, Jac",,1977,8626822,Uncategorized,2020-03-17 04:39:34,,,
BSK 3115,Emmylou Harris,Luxury Liner,Warner Bros. Records,"LP, Album, Jac",,1977,1332020,Uncategorized,2022-12-01 20:11:59,,,
K56291,Montrose (2),Jump On It,Warner Bros. Records,"LP, Album",,1976,2253190,Uncategorized,2020-03-17 17:16:40,,,
W 2764,The Grateful Dead,The Best Of The Grateful Dead: Skeletons From The Closet,Warner Bros. Records,"LP, Comp, RP, Win",,1974,468378,Uncategorized,2019-07-29 23:15:15,,,
559329-1,Gorillaz,Demon Days,"Warner Bros. Records, Parlophone","2xLP, Album, Club, RE, RM, Red",,2017,10008497,Uncategorized,2019-07-23 15:57:10,,,
"R1 78976, 78976",Black Sabbath,Paranoid,"Warner Bros. Records, Warner Bros. Records","LP, Album, Club, RE, RP, S/Edition, Pur",,2015,7727104,Uncategorized,2018-10-21 20:01:15,,,
"WS 1893, 1893",The Grateful Dead,American Beauty,"Warner Bros. Records, Warner Bros. Records","LP, Album, Pit",,1970,681945,Uncategorized,2019-07-17 16:22:16,,,
"9 25394-1, 1-25394, 25394-1",Van Halen,5150,"Warner Bros. Records, Warner Bros. Records, Warner Bros. Records","LP, Album",,1986,2736745,Uncategorized,2019-07-19 15:55:40,,,
093624899402,The Flaming Lips,The Soft Bulletin,Warner Records,"2xLP, Album, Club, RE, RM, Yel",,2019,14238656,Uncategorized,2019-11-26 03:23:33,,,
WARPLP195V,Flying Lotus,Cosmogramma,Warp Records,"2xLP, Album, Club, RE, RM, Bla",1,2019,13021889,Uncategorized,2019-07-17 16:27:29,,,
WEBB222LP,First Aid Kit,The Big Black & The Blue,Wichita,"LP, Album",,2010,2161897,Uncategorized,2018-10-21 21:15:15,,,
"WEBB320LP, 831.A320.010",First Aid Kit,The Lion's Roar,"Wichita, Wichita","LP, Album, Gat",,2012,3357181,Uncategorized,2018-10-21 21:09:36,,,
WCV050VMP,Buena Vista Social Club,Buena Vista Social Club,"World Circuit, BMG","2xLP, Album, Club, RE, Red",,2020,15755719,Uncategorized,2020-11-16 03:24:15,,,
XLLP754VMP,Låpsley,Long Way Home,XL Recordings,"LP, Album, Club, Whi",,2016,8230301,Uncategorized,2018-10-21 22:00:26,,,
2338,Mandolin Orange,This Side Of Jordan,Yep Roc Records,"LP, Album, 180",,2013,5263861,Uncategorized,2018-10-21 20:49:46,,,
LP-YEP-2387,Chatham County Line,Tightrope,Yep Roc Records,"LP, 180 + CD, Album",,2014,6334200,Bluegrass,2018-10-21 19:39:45,,,
YEP-2417,Mandolin Orange,Such Jubilee,Yep Roc Records,"LP, Album",,2015,7018318,Bluegrass,2018-10-21 20:46:22,,,
YEP-2487,Mandolin Orange,Blindfaller,Yep Roc Records,"LP, Album",,2016,9279976,Bluegrass,2018-10-21 20:50:22,,,
"YMRC005-1, none",Colter Wall,Imaginary Appalachia,"Young Mary's Record Co., Thirty Tigers","12"", EP, RE",,2017,11188970,Uncategorized,2021-01-08 17:16:20,,,
YT171,Kamasi Washington,Harmony Of Difference,Young Turks,"12"", EP",,2017,11402738,Uncategorized,2018-10-21 20:05:36,,,
SRZ-1-1603,Frank Zappa,Joe's Garage Act I,Zappa Records,"LP, Album, 72,",,1979,1473127,Uncategorized,2020-03-17 02:15:20,,,
"SRZ 2-1501, SRZ-2-1501",Frank Zappa,Sheik Yerbouti,"Zappa Records, Zappa Records","2xLP, Album, Pit",,1979,1770862,Uncategorized,2020-03-17 02:02:29,,,
"SRZ-2-1502, 9198.508",Frank Zappa,Joe's Garage Acts II & III,"Zappa Records, Zappa Records","2xLP, Album, Kee",,1979,1027095,Uncategorized,2020-03-17 02:16:07,,,
